pt_anon_ids,Category,Sub_category,Gender,Age,BIS_Q1_BL,BIS_Q2_BL,BIS_Q3_BL,BIS_Q4_BL,BIS_Q5_BL,BIS_Q6_BL,FSS_Q1_BL,FSS_Q10_BL,FSS_Q11_BL,FSS_Q12_BL,FSS_Q13_BL,FSS_Q2_BL,FSS_Q3_BL,FSS_Q4_BL,FSS_Q5_BL,FSS_Q6_BL,FSS_Q7_BL,FSS_Q8_BL,FSS_Q9_BL,HADS_q1_BL,HADS_q2_BL,HADS_q3_BL,HADS_q4_BL,HADS_q5_BL,HADS_q6_BL,HADS_q7_BL,HADS_q8_BL,HADS_q9_BL,HADS_q10_BL,HADS_q11_BL,HADS_q12_BL,HADS_q13_BL,HADS_q14_BL
BGA_046,IBS,Diarrhea,M,38.0,0.0,0.0,3.0,5.0,5.0,3.0,5.0,3.0,3.0,3.0,1.0,3.0,4.0,3.0,4.0,1.0,3.0,3.0,3.0,0.0,0.0,0.0,0.0,0.0,0.0,0.0,1.0,0.0,0.0,1.0,0.0,0.0,3.0
BGA_048,IBS,Diarrhea,F,34.0,7.0,4.0,0.0,5.0,5.0,4.0,4.0,4.0,3.0,5.0,2.0,4.0,3.0,3.0,3.0,3.0,3.0,4.0,2.0,,,,,,,,,,,,,,
BGA_051,IBS,Diarrhea,M,38.0,6.0,1.0,1.0,2.0,0.0,2.0,4.0,3.0,3.0,5.0,2.0,4.0,4.0,5.0,4.0,3.0,3.0,3.0,3.0,1.0,0.0,0.0,0.0,0.0,0.0,0.0,1.0,1.0,0.0,0.0,0.0,0.0,2.0
BGA_058,IBS,Diarrhea,F,57.0,1.0,3.0,4.0,4.0,4.0,4.0,4.0,5.0,4.0,5.0,3.0,4.0,4.0,4.0,5.0,4.0,4.0,4.0,4.0,2.0,1.0,1.0,1.0,0.0,1.0,1.0,2.0,1.0,1.0,1.0,1.0,1.0,0.0
BGA_068,IBS,Mixed,M,31.0,2.0,1.0,0.0,7.0,5.0,3.0,4.0,5.0,4.0,5.0,3.0,4.0,5.0,4.0,4.0,1.0,3.0,4.0,4.0,1.0,1.0,0.0,0.0,0.0,1.0,0.0,0.0,1.0,1.0,1.0,1.0,0.0,0.0
BGA_071,IBS,Diarrhea,M,35.0,2.0,5.0,3.0,3.0,3.0,3.0,4.0,4.0,4.0,4.0,1.0,4.0,4.0,3.0,4.0,4.0,4.0,4.0,4.0,2.0,1.0,1.0,1.0,0.0,1.0,1.0,2.0,1.0,0.0,2.0,1.0,1.0,0.0
BGA_078,IBS,Diarrhea,F,24.0,1.0,0.0,0.0,4.0,2.0,1.0,4.0,3.0,3.0,3.0,1.0,4.0,4.0,4.0,4.0,3.0,3.0,3.0,3.0,2.0,1.0,1.0,0.0,2.0,0.0,1.0,0.0,1.0,0.0,1.0,0.0,1.0,0.0
BGA_083,IBS,Diarrhea,F,30.0,4.0,2.0,3.0,2.0,2.0,4.0,3.0,2.0,3.0,1.0,5.0,3.0,3.0,3.0,3.0,4.0,4.0,4.0,2.0,2.0,0.0,0.0,0.0,0.0,0.0,1.0,2.0,1.0,1.0,1.0,1.0,1.0,0.0
BGA_086,IBS,Diarrhea,F,22.0,4.0,3.0,2.0,2.0,2.0,3.0,3.0,2.0,3.0,2.0,1.0,3.0,3.0,3.0,3.0,1.0,2.0,4.0,2.0,1.0,0.0,0.0,0.0,0.0,0.0,2.0,1.0,2.0,1.0,2.0,0.0,1.0,2.0
BGA_095,IBS,Mixed,M,28.0,3.0,0.0,0.0,6.0,3.0,3.0,5.0,4.0,4.0,5.0,3.0,4.0,4.0,4.0,5.0,1.0,3.0,3.0,3.0,2.0,1.0,2.0,0.0,2.0,1.0,2.0,1.0,2.0,0.0,1.0,2.0,2.0,0.0
BGA_104,IBS,Diarrhea,M,30.0,6.0,0.0,0.0,5.0,1.0,5.0,4.0,3.0,3.0,3.0,2.0,3.0,4.0,3.0,3.0,3.0,3.0,3.0,3.0,2.0,1.0,1.0,0.0,2.0,2.0,2.0,1.0,2.0,1.0,1.0,0.0,1.0,0.0
BGA_115,IBS,Diarrhea,F,58.0,2.0,1.0,2.0,5.0,3.0,3.0,5.0,4.0,3.0,3.0,3.0,4.0,4.0,4.0,4.0,3.0,3.0,4.0,3.0,2.0,2.0,1.0,0.0,1.0,0.0,1.0,3.0,2.0,0.0,1.0,1.0,1.0,1.0
BGA_047,IBS,Mixed,F,19.0,5.0,0.0,0.0,7.0,0.0,7.0,4.0,3.0,4.0,4.0,3.0,4.0,4.0,5.0,4.0,1.0,3.0,4.0,3.0,,,,,,,,,,,,,,
BGA_143,IBS,Mixed,F,40.0,2.0,2.0,3.0,1.0,1.0,2.0,3.0,3.0,3.0,4.0,1.0,4.0,4.0,3.0,3.0,4.0,4.0,3.0,3.0,1.0,1.0,0.0,0.0,0.0,2.0,1.0,1.0,1.0,1.0,2.0,1.0,1.0,1.0
BGA_059,IBS,Constipation,F,43.0,2.0,3.0,2.0,2.0,2.0,2.0,4.0,3.0,4.0,3.0,1.0,3.0,3.0,3.0,3.0,3.0,3.0,3.0,3.0,2.0,1.0,2.0,1.0,2.0,1.0,2.0,1.0,2.0,0.0,2.0,1.0,1.0,1.0
BGA_060,IBS,Mixed,F,41.0,3.0,2.0,0.0,3.0,3.0,4.0,4.0,4.0,5.0,5.0,2.0,4.0,4.0,4.0,4.0,4.0,4.0,4.0,3.0,2.0,0.0,1.0,0.0,0.0,0.0,2.0,2.0,1.0,1.0,1.0,0.0,0.0,1.0
BGA_061,IBS,Constipation,F,42.0,5.0,2.0,4.0,4.0,3.0,4.0,3.0,3.0,3.0,5.0,4.0,3.0,4.0,3.0,3.0,3.0,3.0,3.0,3.0,2.0,1.0,2.0,2.0,1.0,1.0,2.0,2.0,2.0,0.0,1.0,2.0,2.0,1.0
BGA_062,IBS,Constipation,F,25.0,6.0,1.0,3.0,7.0,5.0,6.0,4.0,4.0,4.0,5.0,3.0,5.0,4.0,4.0,5.0,4.0,4.0,4.0,4.0,,,,,,,,,,,,,,
BGA_064,HC,HC,F,22.0,0.0,0.0,0.0,2.0,1.0,2.0,3.0,3.0,3.0,1.0,5.0,3.0,3.0,3.0,3.0,3.0,3.0,3.0,3.0,1.0,0.0,0.0,0.0,0.0,0.0,1.0,1.0,0.0,0.0,1.0,0.0,0.0,0.0
BGA_065,HC,HC,F,23.0,7.0,1.0,3.0,4.0,1.0,5.0,3.0,3.0,3.0,3.0,1.0,3.0,4.0,3.0,3.0,1.0,2.0,3.0,3.0,1.0,1.0,0.0,0.0,1.0,1.0,1.0,1.0,0.0,1.0,2.0,1.0,0.0,1.0
BGA_066,HC,HC,F,46.0,0.0,0.0,3.0,3.0,2.0,4.0,3.0,3.0,3.0,2.0,3.0,3.0,3.0,3.0,3.0,1.0,3.0,3.0,3.0,1.0,0.0,0.0,0.0,0.0,0.0,0.0,0.0,0.0,0.0,2.0,0.0,0.0,0.0
BGA_069,HC,HC,M,21.0,7.0,1.0,0.0,3.0,1.0,3.0,4.0,3.0,3.0,2.0,1.0,3.0,3.0,3.0,3.0,1.0,3.0,3.0,3.0,1.0,0.0,0.0,0.0,0.0,0.0,0.0,0.0,1.0,1.0,1.0,0.0,0.0,1.0
BGA_070,HC,HC,F,22.0,0.0,0.0,0.0,1.0,0.0,4.0,2.0,3.0,3.0,1.0,5.0,2.0,2.0,2.0,1.0,1.0,2.0,2.0,3.0,0.0,0.0,0.0,0.0,0.0,0.0,1.0,0.0,1.0,1.0,1.0,0.0,0.0,0.0
BGA_072,IBS,Constipation,F,42.0,0.0,0.0,2.0,7.0,3.0,7.0,5.0,5.0,5.0,5.0,3.0,5.0,5.0,5.0,5.0,4.0,4.0,5.0,4.0,3.0,1.0,1.0,0.0,0.0,0.0,3.0,1.0,2.0,0.0,2.0,1.0,1.0,0.0
BGA_074,IBS,Constipation,F,48.0,6.0,1.0,1.0,1.0,6.0,6.0,5.0,5.0,5.0,5.0,2.0,5.0,5.0,4.0,5.0,4.0,4.0,4.0,5.0,1.0,1.0,0.0,1.0,0.0,0.0,0.0,2.0,0.0,1.0,0.0,2.0,1.0,0.0
BGA_085,IBS,Mixed,F,23.0,3.0,0.0,4.0,6.0,3.0,7.0,4.0,4.0,3.0,4.0,2.0,4.0,5.0,5.0,4.0,3.0,3.0,4.0,5.0,3.0,1.0,2.0,0.0,1.0,1.0,2.0,2.0,2.0,0.0,1.0,1.0,2.0,0.0
BGA_101,IBS,Constipation,F,40.0,0.0,2.0,1.0,4.0,4.0,3.0,4.0,3.0,3.0,3.0,2.0,4.0,4.0,4.0,4.0,3.0,3.0,3.0,3.0,1.0,1.0,2.0,0.0,1.0,0.0,2.0,1.0,3.0,0.0,3.0,0.0,1.0,2.0
BGA_107,IBS,Mixed,M,33.0,1.0,2.0,1.0,5.0,3.0,3.0,4.0,4.0,4.0,5.0,1.0,4.0,4.0,4.0,4.0,4.0,4.0,4.0,3.0,2.0,2.0,1.0,1.0,3.0,1.0,1.0,3.0,2.0,1.0,2.0,2.0,1.0,2.0
BGA_112,IBS,Constipation,F,55.0,7.0,7.0,2.0,6.0,2.0,6.0,4.0,3.0,3.0,5.0,3.0,3.0,4.0,3.0,4.0,4.0,3.0,4.0,2.0,,,,,,,,,,,,,,
BGA_134,IBS,Diarrhea,F,56.0,2.0,4.0,3.0,2.0,4.0,5.0,5.0,5.0,5.0,5.0,3.0,5.0,5.0,5.0,5.0,4.0,5.0,5.0,5.0,3.0,1.0,3.0,0.0,0.0,1.0,1.0,2.0,1.0,0.0,2.0,1.0,2.0,1.0
BGA_136,IBS,Diarrhea,F,30.0,7.0,3.0,3.0,5.0,3.0,6.0,4.0,3.0,3.0,3.0,2.0,4.0,4.0,3.0,4.0,1.0,3.0,3.0,3.0,3.0,2.0,2.0,0.0,2.0,1.0,2.0,1.0,2.0,1.0,3.0,2.0,3.0,0.0
BGA_113,IBS,Mixed,F,24.0,3.0,0.0,4.0,7.0,6.0,7.0,4.0,5.0,5.0,5.0,4.0,5.0,5.0,5.0,4.0,4.0,4.0,5.0,5.0,3.0,1.0,2.0,1.0,2.0,1.0,3.0,3.0,2.0,1.0,3.0,2.0,2.0,1.0
BGA_050,IBS,Mixed,F,44.0,1.0,3.0,2.0,7.0,6.0,6.0,5.0,4.0,5.0,5.0,2.0,4.0,4.0,4.0,5.0,5.0,5.0,4.0,4.0,,,,,,,,,,,,,,
BGA_142,IBS,Diarrhea,M,46.0,2.0,3.0,0.0,5.0,0.0,4.0,3.0,4.0,4.0,1.0,5.0,3.0,3.0,3.0,3.0,4.0,3.0,3.0,3.0,2.0,0.0,0.0,0.0,0.0,0.0,2.0,1.0,2.0,0.0,3.0,0.0,0.0,0.0
BGA_144,IBS,Diarrhea,M,47.0,0.0,1.0,2.0,3.0,2.0,1.0,4.0,3.0,4.0,5.0,1.0,4.0,4.0,4.0,4.0,3.0,3.0,4.0,3.0,1.0,1.0,1.0,1.0,0.0,1.0,2.0,1.0,1.0,0.0,1.0,1.0,0.0,2.0
BGA_145,IBS,Mixed,M,43.0,2.0,1.0,1.0,2.0,1.0,1.0,4.0,3.0,4.0,4.0,2.0,4.0,4.0,3.0,4.0,4.0,3.0,4.0,3.0,2.0,1.0,0.0,1.0,2.0,0.0,1.0,1.0,1.0,0.0,1.0,1.0,1.0,0.0
BGA_146,HC,HC,M,47.0,0.0,1.0,0.0,2.0,1.0,1.0,3.0,3.0,3.0,5.0,1.0,3.0,3.0,3.0,3.0,4.0,4.0,3.0,3.0,0.0,0.0,0.0,0.0,0.0,0.0,0.0,1.0,0.0,0.0,0.0,0.0,0.0,0.0
BGA_147,IBS,Diarrhea,F,61.0,4.0,3.0,2.0,3.0,1.0,3.0,3.0,4.0,4.0,5.0,2.0,3.0,3.0,4.0,4.0,4.0,4.0,3.0,2.0,1.0,0.0,1.0,0.0,0.0,0.0,0.0,1.0,1.0,0.0,0.0,0.0,1.0,0.0
BGA_148,IBS,Diarrhea,F,47.0,1.0,0.0,3.0,1.0,0.0,1.0,3.0,3.0,3.0,2.0,1.0,3.0,3.0,3.0,3.0,3.0,3.0,3.0,3.0,1.0,0.0,0.0,0.0,0.0,0.0,0.0,1.0,1.0,0.0,1.0,0.0,0.0,0.0
BGA_149,IBS,Mixed,F,38.0,1.0,0.0,0.0,5.0,4.0,1.0,4.0,3.0,3.0,3.0,4.0,3.0,4.0,3.0,3.0,3.0,3.0,3.0,4.0,2.0,0.0,0.0,0.0,1.0,0.0,1.0,0.0,0.0,0.0,1.0,0.0,1.0,1.0
BGA_150,IBS,Mixed,F,60.0,5.0,3.0,3.0,5.0,3.0,5.0,4.0,4.0,4.0,5.0,2.0,4.0,4.0,3.0,4.0,4.0,4.0,3.0,3.0,1.0,0.0,0.0,0.0,1.0,0.0,0.0,1.0,1.0,1.0,1.0,1.0,1.0,0.0
BGA_151,IBS,Diarrhea,F,22.0,1.0,0.0,0.0,2.0,1.0,2.0,3.0,3.0,3.0,2.0,1.0,3.0,2.0,3.0,3.0,1.0,3.0,3.0,3.0,1.0,1.0,0.0,0.0,1.0,0.0,0.0,0.0,0.0,0.0,2.0,0.0,0.0,0.0
BGA_053,HC,HC,M,24.0,1.0,0.0,5.0,5.0,1.0,1.0,3.0,3.0,3.0,1.0,1.0,3.0,3.0,3.0,3.0,3.0,3.0,3.0,3.0,,,,,,,,,,,,,,
BGA_152,IBS,Mixed,M,32.0,1.0,1.0,1.0,2.0,1.0,1.0,4.0,3.0,4.0,4.0,2.0,3.0,4.0,5.0,4.0,4.0,4.0,5.0,3.0,2.0,2.0,2.0,1.0,2.0,1.0,2.0,2.0,2.0,1.0,2.0,1.0,1.0,1.0
BGA_153,IBS,Mixed,F,32.0,5.0,2.0,2.0,5.0,3.0,5.0,4.0,4.0,4.0,3.0,2.0,4.0,4.0,4.0,4.0,4.0,4.0,4.0,3.0,2.0,0.0,0.0,0.0,1.0,0.0,2.0,1.0,1.0,0.0,1.0,0.0,0.0,0.0
BGA_154,IBS,Mixed,F,37.0,0.0,0.0,0.0,7.0,5.0,7.0,5.0,4.0,4.0,5.0,3.0,5.0,5.0,4.0,5.0,5.0,5.0,4.0,3.0,1.0,1.0,1.0,0.0,0.0,1.0,0.0,3.0,2.0,0.0,0.0,0.0,0.0,0.0
BGA_156,IBS,Mixed,F,28.0,3.0,0.0,0.0,5.0,5.0,3.0,5.0,5.0,,5.0,4.0,5.0,4.0,5.0,5.0,5.0,5.0,4.0,5.0,2.0,0.0,3.0,0.0,2.0,0.0,1.0,3.0,1.0,1.0,2.0,0.0,2.0,1.0
BGA_157,HC,HC,F,57.0,7.0,7.0,2.0,4.0,0.0,7.0,3.0,3.0,,1.0,1.0,3.0,3.0,3.0,3.0,1.0,3.0,3.0,3.0,1.0,0.0,0.0,0.0,0.0,0.0,0.0,0.0,0.0,0.0,0.0,0.0,0.0,0.0
BGA_158,IBS,Mixed,M,63.0,,,,,,,2.0,,,1.0,1.0,2.0,2.0,2.0,1.0,1.0,2.0,,,1.0,0.0,0.0,0.0,0.0,0.0,0.0,1.0,0.0,0.0,0.0,0.0,0.0,0.0
BGA_159,IBS,Mixed,F,19.0,7.0,0.0,1.0,2.0,0.0,4.0,3.0,3.0,3.0,1.0,1.0,3.0,4.0,3.0,1.0,3.0,3.0,3.0,3.0,1.0,0.0,1.0,0.0,1.0,0.0,1.0,0.0,2.0,0.0,1.0,0.0,2.0,0.0
BGA_160,IBS,Mixed,F,23.0,7.0,4.0,0.0,5.0,2.0,6.0,4.0,3.0,3.0,4.0,2.0,4.0,4.0,3.0,4.0,3.0,3.0,4.0,3.0,2.0,1.0,1.0,1.0,2.0,1.0,2.0,1.0,2.0,0.0,2.0,0.0,1.0,0.0
BGA_161,IBS,Mixed,F,21.0,0.0,0.0,0.0,3.0,0.0,0.0,5.0,4.0,3.0,5.0,2.0,4.0,4.0,5.0,5.0,3.0,3.0,4.0,3.0,1.0,0.0,0.0,0.0,0.0,0.0,3.0,1.0,2.0,0.0,1.0,0.0,1.0,0.0
BGA_164,HC,HC,F,25.0,2.0,0.0,0.0,1.0,1.0,1.0,4.0,3.0,3.0,2.0,1.0,3.0,3.0,4.0,4.0,1.0,3.0,3.0,3.0,2.0,1.0,2.0,1.0,2.0,1.0,2.0,1.0,1.0,1.0,1.0,1.0,1.0,1.0
BGA_165,HC,HC,F,21.0,,,,,,,,,,,,,,,,,,,,1.0,1.0,0.0,0.0,2.0,2.0,2.0,0.0,0.0,0.0,1.0,0.0,1.0,1.0
BGA_166,HC,HC,F,19.0,1.0,1.0,0.0,4.0,2.0,0.0,3.0,3.0,3.0,2.0,1.0,3.0,3.0,3.0,3.0,3.0,3.0,3.0,3.0,1.0,0.0,0.0,0.0,1.0,0.0,2.0,1.0,1.0,0.0,1.0,0.0,0.0,0.0
BGA_167,HC,HC,F,51.0,1.0,5.0,1.0,5.0,3.0,5.0,4.0,3.0,4.0,3.0,2.0,4.0,3.0,4.0,4.0,1.0,3.0,4.0,3.0,1.0,0.0,1.0,0.0,1.0,1.0,1.0,1.0,1.0,2.0,2.0,1.0,1.0,1.0
BGA_168,HC,HC,F,50.0,0.0,0.0,0.0,0.0,0.0,0.0,3.0,3.0,3.0,1.0,5.0,3.0,3.0,3.0,3.0,3.0,3.0,3.0,3.0,0.0,0.0,0.0,0.0,0.0,0.0,0.0,0.0,0.0,0.0,0.0,0.0,0.0,0.0
BGA_169,HC,HC,F,50.0,2.0,0.0,2.0,0.0,0.0,2.0,3.0,3.0,3.0,1.0,1.0,3.0,3.0,3.0,1.0,3.0,3.0,2.0,3.0,1.0,0.0,0.0,0.0,0.0,0.0,0.0,1.0,1.0,1.0,0.0,0.0,0.0,0.0
BGA_171,HC,HC,M,22.0,3.0,0.0,0.0,6.0,2.0,5.0,3.0,3.0,3.0,3.0,2.0,3.0,3.0,4.0,4.0,3.0,3.0,4.0,3.0,1.0,0.0,0.0,0.0,1.0,0.0,1.0,1.0,2.0,1.0,2.0,0.0,1.0,0.0
BGA_172,HC,HC,F,58.0,1.0,2.0,4.0,6.0,1.0,5.0,3.0,3.0,3.0,5.0,2.0,4.0,3.0,3.0,3.0,1.0,3.0,3.0,3.0,1.0,0.0,1.0,0.0,0.0,0.0,1.0,0.0,1.0,0.0,1.0,0.0,1.0,0.0
BGA_173,,,,30.0,,,,,,,,,,,,,,,,,,,,,,,,,,,,,,,,,
BGA_056,IBS,Diarrhea,F,52.0,0.0,7.0,3.0,1.0,0.0,1.0,3.0,3.0,3.0,1.0,5.0,3.0,3.0,3.0,3.0,3.0,3.0,3.0,3.0,,,,,,,,,,,,,,
BGA_057,IBS,Diarrhea,F,30.0,3.0,4.0,7.0,7.0,6.0,7.0,5.0,4.0,4.0,5.0,3.0,5.0,5.0,4.0,5.0,4.0,3.0,3.0,3.0,1.0,0.0,2.0,0.0,1.0,0.0,1.0,1.0,0.0,0.0,1.0,0.0,1.0,0.0
BGA_067,IBS,Mixed,F,42.0,2.0,0.0,3.0,5.0,6.0,3.0,4.0,4.0,5.0,5.0,3.0,4.0,4.0,4.0,5.0,3.0,3.0,5.0,3.0,0.0,1.0,0.0,0.0,0.0,1.0,2.0,2.0,1.0,1.0,1.0,1.0,0.0,1.0
BGA_076,HC,HC,F,24.0,1.0,0.0,1.0,2.0,2.0,1.0,3.0,3.0,3.0,1.0,5.0,3.0,3.0,3.0,3.0,3.0,3.0,3.0,3.0,1.0,0.0,0.0,0.0,0.0,0.0,0.0,0.0,0.0,0.0,0.0,0.0,0.0,0.0
BGA_077,IBS,Mixed,F,25.0,2.0,3.0,2.0,2.0,2.0,2.0,4.0,4.0,5.0,3.0,2.0,4.0,4.0,4.0,4.0,4.0,4.0,5.0,3.0,1.0,1.0,0.0,0.0,0.0,1.0,2.0,2.0,1.0,0.0,1.0,0.0,0.0,0.0
BGA_079,HC,HC,F,46.0,0.0,0.0,2.0,2.0,0.0,2.0,3.0,3.0,3.0,1.0,5.0,3.0,3.0,3.0,3.0,3.0,3.0,3.0,3.0,1.0,0.0,0.0,0.0,1.0,0.0,0.0,1.0,0.0,0.0,1.0,0.0,0.0,0.0
BGA_081,HC,HC,F,48.0,2.0,4.0,2.0,1.0,0.0,1.0,3.0,3.0,3.0,2.0,5.0,3.0,3.0,3.0,1.0,1.0,3.0,3.0,3.0,,,,,,,,,,,,,,
BGA_084,HC,HC,F,23.0,1.0,0.0,0.0,3.0,0.0,1.0,3.0,3.0,3.0,1.0,1.0,3.0,3.0,3.0,3.0,1.0,3.0,3.0,3.0,1.0,0.0,0.0,0.0,0.0,0.0,0.0,1.0,0.0,0.0,1.0,0.0,0.0,0.0
BGA_088,HC,HC,M,33.0,2.0,0.0,0.0,4.0,1.0,2.0,3.0,3.0,3.0,1.0,5.0,3.0,3.0,3.0,3.0,3.0,3.0,3.0,3.0,0.0,0.0,0.0,0.0,1.0,0.0,1.0,0.0,0.0,1.0,2.0,0.0,0.0,0.0
BGA_089,IBS,Diarrhea,F,34.0,0.0,1.0,0.0,3.0,2.0,2.0,5.0,3.0,3.0,4.0,3.0,5.0,4.0,5.0,5.0,4.0,4.0,4.0,3.0,2.0,1.0,0.0,1.0,3.0,1.0,2.0,3.0,2.0,0.0,3.0,2.0,2.0,1.0
BGA_090,HC,HC,F,23.0,5.0,0.0,1.0,3.0,4.0,2.0,4.0,3.0,4.0,3.0,2.0,4.0,4.0,5.0,4.0,1.0,4.0,4.0,3.0,1.0,0.0,1.0,0.0,1.0,0.0,0.0,0.0,1.0,0.0,1.0,0.0,0.0,0.0
BGA_091,HC,HC,M,26.0,2.0,1.0,1.0,0.0,0.0,3.0,3.0,3.0,3.0,2.0,1.0,3.0,3.0,4.0,3.0,1.0,3.0,3.0,3.0,1.0,1.0,0.0,0.0,0.0,0.0,0.0,0.0,1.0,1.0,1.0,0.0,0.0,1.0
BGA_092,HC,HC,F,39.0,2.0,1.0,0.0,1.0,1.0,2.0,3.0,3.0,3.0,1.0,5.0,3.0,2.0,3.0,3.0,3.0,3.0,3.0,3.0,,,,,,,,,,,,,,
BGA_093,HC,HC,F,36.0,0.0,3.0,0.0,7.0,7.0,7.0,4.0,3.0,4.0,4.0,4.0,4.0,4.0,4.0,5.0,4.0,4.0,3.0,4.0,1.0,0.0,2.0,0.0,1.0,1.0,2.0,2.0,1.0,1.0,1.0,1.0,1.0,1.0
BGA_094,IBS,Mixed,F,27.0,6.0,4.0,1.0,7.0,6.0,6.0,5.0,3.0,4.0,4.0,2.0,4.0,4.0,5.0,4.0,4.0,4.0,5.0,3.0,2.0,3.0,2.0,1.0,2.0,2.0,1.0,3.0,1.0,3.0,0.0,2.0,2.0,0.0
BGA_096,HC,HC,F,53.0,4.0,3.0,2.0,3.0,2.0,4.0,3.0,3.0,3.0,4.0,1.0,3.0,3.0,3.0,3.0,1.0,3.0,3.0,3.0,1.0,0.0,1.0,0.0,1.0,0.0,0.0,1.0,1.0,0.0,2.0,0.0,1.0,0.0
BGA_097,IBS,Mixed,F,31.0,2.0,7.0,4.0,7.0,5.0,7.0,5.0,4.0,4.0,4.0,3.0,5.0,5.0,4.0,5.0,5.0,5.0,5.0,5.0,3.0,1.0,2.0,0.0,0.0,1.0,2.0,3.0,3.0,0.0,1.0,1.0,1.0,0.0
BGA_099,HC,HC,M,39.0,1.0,0.0,0.0,1.0,0.0,0.0,3.0,3.0,3.0,1.0,5.0,3.0,3.0,3.0,3.0,3.0,3.0,3.0,3.0,1.0,1.0,0.0,0.0,1.0,0.0,1.0,1.0,0.0,1.0,2.0,1.0,0.0,0.0
BGA_100,HC,HC,M,58.0,0.0,2.0,2.0,0.0,0.0,2.0,3.0,3.0,3.0,1.0,5.0,3.0,3.0,3.0,1.0,1.0,3.0,3.0,3.0,0.0,0.0,0.0,0.0,0.0,0.0,0.0,0.0,0.0,0.0,0.0,0.0,0.0,0.0
BGA_106,HC,HC,F,42.0,0.0,0.0,0.0,6.0,4.0,0.0,4.0,3.0,3.0,4.0,3.0,4.0,4.0,3.0,4.0,3.0,3.0,3.0,3.0,0.0,0.0,0.0,0.0,0.0,0.0,0.0,1.0,0.0,0.0,0.0,0.0,0.0,0.0
BGA_110,HC,HC,M,22.0,4.0,0.0,0.0,3.0,2.0,3.0,3.0,3.0,3.0,2.0,1.0,3.0,3.0,3.0,3.0,3.0,3.0,3.0,3.0,,,,,,,,,,,,,,
BGA_114,IBS,Constipation,F,38.0,7.0,6.0,5.0,7.0,7.0,6.0,3.0,3.0,3.0,5.0,2.0,3.0,3.0,3.0,3.0,4.0,4.0,3.0,3.0,,,,,,,,,,,,,,
BGA_116,IBS,Diarrhea,M,50.0,0.0,3.0,3.0,2.0,0.0,2.0,3.0,3.0,3.0,2.0,2.0,3.0,3.0,3.0,3.0,3.0,3.0,3.0,3.0,,,,,,,,,,,,,,
BGA_119,HC,HC,F,36.0,2.0,0.0,1.0,4.0,0.0,2.0,3.0,3.0,3.0,1.0,1.0,3.0,3.0,3.0,3.0,3.0,3.0,3.0,3.0,1.0,0.0,0.0,0.0,0.0,0.0,1.0,0.0,1.0,0.0,1.0,0.0,0.0,0.0
BGA_120,HC,HC,M,40.0,1.0,1.0,1.0,1.0,0.0,1.0,3.0,3.0,3.0,1.0,1.0,3.0,3.0,3.0,3.0,3.0,3.0,3.0,3.0,1.0,1.0,0.0,0.0,0.0,0.0,1.0,1.0,1.0,0.0,2.0,0.0,0.0,1.0
BGA_122,IBS,Mixed,F,43.0,1.0,4.0,4.0,5.0,5.0,6.0,4.0,3.0,4.0,5.0,2.0,3.0,4.0,4.0,4.0,3.0,3.0,4.0,3.0,2.0,2.0,0.0,1.0,1.0,1.0,2.0,2.0,1.0,1.0,2.0,2.0,1.0,1.0
BGA_123,HC,HC,F,28.0,0.0,1.0,0.0,1.0,0.0,1.0,3.0,3.0,3.0,2.0,1.0,3.0,3.0,3.0,3.0,3.0,3.0,3.0,3.0,1.0,0.0,0.0,0.0,1.0,0.0,0.0,0.0,0.0,0.0,1.0,0.0,0.0,1.0
BGA_125,HC,HC,F,33.0,0.0,0.0,1.0,3.0,3.0,1.0,4.0,4.0,4.0,5.0,3.0,3.0,4.0,3.0,3.0,3.0,3.0,4.0,3.0,2.0,1.0,2.0,0.0,1.0,0.0,1.0,1.0,1.0,0.0,1.0,1.0,1.0,1.0
BGA_128,IBS,Diarrhea,F,27.0,4.0,2.0,0.0,5.0,1.0,4.0,4.0,3.0,3.0,5.0,2.0,4.0,4.0,5.0,5.0,4.0,3.0,3.0,3.0,1.0,0.0,0.0,0.0,0.0,0.0,0.0,1.0,0.0,0.0,0.0,0.0,0.0,0.0
BGA_130,HC,HC,M,38.0,4.0,6.0,6.0,3.0,1.0,4.0,3.0,4.0,3.0,1.0,1.0,3.0,4.0,4.0,3.0,1.0,,3.0,3.0,0.0,1.0,0.0,0.0,0.0,0.0,0.0,0.0,0.0,0.0,1.0,2.0,0.0,0.0
BGA_131,IBS,Mixed,F,42.0,1.0,1.0,3.0,4.0,2.0,2.0,3.0,4.0,3.0,4.0,1.0,3.0,3.0,3.0,3.0,3.0,3.0,3.0,3.0,1.0,0.0,0.0,0.0,0.0,0.0,0.0,1.0,0.0,0.0,1.0,2.0,0.0,1.0
BGA_132,HC,HC,F,20.0,1.0,0.0,0.0,3.0,3.0,1.0,3.0,3.0,3.0,1.0,1.0,3.0,3.0,3.0,3.0,3.0,3.0,3.0,3.0,1.0,1.0,0.0,0.0,0.0,0.0,2.0,0.0,1.0,0.0,2.0,1.0,0.0,1.0
BGA_135,IBS,Mixed,F,39.0,,,,,,,,,,1.0,1.0,,,,,,,,,1.0,1.0,1.0,0.0,1.0,0.0,0.0,1.0,1.0,1.0,2.0,1.0,0.0,0.0
BGA_137,HC,HC,M,29.0,0.0,0.0,0.0,3.0,2.0,1.0,4.0,3.0,3.0,3.0,1.0,4.0,4.0,4.0,4.0,1.0,3.0,4.0,3.0,0.0,1.0,1.0,0.0,0.0,0.0,0.0,1.0,1.0,1.0,1.0,0.0,0.0,0.0
BGA_138,IBS,Mixed,F,41.0,,,,,,,,,,1.0,1.0,,,,,,,,,3.0,1.0,3.0,1.0,3.0,1.0,0.0,2.0,3.0,1.0,1.0,1.0,1.0,0.0
BGA_139,IBS,Mixed,F,47.0,0.0,1.0,1.0,7.0,7.0,7.0,4.0,3.0,3.0,4.0,4.0,4.0,4.0,4.0,5.0,3.0,3.0,4.0,3.0,1.0,1.0,2.0,1.0,0.0,0.0,0.0,3.0,1.0,1.0,0.0,0.0,1.0,0.0
BGA_141,IBS,Mixed,F,29.0,1.0,1.0,0.0,6.0,3.0,5.0,4.0,3.0,4.0,4.0,2.0,3.0,4.0,3.0,3.0,1.0,3.0,3.0,3.0,2.0,0.0,2.0,0.0,2.0,0.0,0.0,1.0,1.0,1.0,1.0,0.0,1.0,2.0
BGA_082,HC,HC,F,46.0,0.0,0.0,0.0,1.0,0.0,0.0,3.0,3.0,3.0,2.0,1.0,3.0,3.0,3.0,3.0,1.0,3.0,3.0,3.0,0.0,0.0,0.0,0.0,0.0,0.0,0.0,0.0,0.0,0.0,0.0,0.0,0.0,0.0
BGA_124,HC,HC,F,23.0,2.0,2.0,3.0,5.0,3.0,4.0,3.0,3.0,3.0,3.0,1.0,3.0,4.0,4.0,4.0,3.0,3.0,3.0,3.0,2.0,2.0,2.0,1.0,2.0,1.0,2.0,1.0,2.0,1.0,1.0,2.0,2.0,1.0
BGA_126,HC,HC,M,47.0,0.0,2.0,1.0,1.0,0.0,0.0,3.0,3.0,3.0,1.0,1.0,3.0,3.0,3.0,3.0,3.0,3.0,3.0,3.0,1.0,0.0,0.0,0.0,0.0,0.0,0.0,0.0,0.0,0.0,0.0,0.0,0.0,0.0
BGA_127,HC,HC,M,31.0,,,,,,,,,,,,,,,,,,,,,,,,,,,,,,,,,
BGA_186,,,,,,,,,,,,,,,,,,,,,,,,,,,,,,,,,,,,,
